Filename,Student_Ratio,AI_Words,Student_Words,Total_Words,Confidence,Quality_Flags
S04-H9-X1.txt,0.8564126394052045,309,1843,2152,0.71248959373947,Good
S10-R3-Z7.txt,0.2807323452484743,1650,644,2294,0.8964712101701127,Good
S01-M5-R7.txt,0.8620923913043478,203,1269,1472,0.71248959373947,Good
S02-K3-Q9.txt,0.0,1150,0,1150,0.5374298453437496,Low confidence; Few segments
S07-C9-M2.txt,0.2687634024303074,1023,376,1399,0.8948328434633791,Good
S08-P7-L5.txt,0.0,2001,0,2001,0.755319616974611,Good
S06-B4-J8.txt,0.9518492672714585,69,1364,1433,0.7895893495876966,Good
S09-E1-K6.txt,0.0,2035,0,2035,0.574442516811659,Low confidence; Few segments
